timeStamp,elapsed,label,responseCode,responseMessage,threadName,dataType,success,failureMessage,bytes,sentBytes,grpThreads,allThreads,URL,Latency,IdleTime,Connect
1705313074723,612,BunnyCart HomePage HTTP Request,200,OK,BunnyCart 1-1,text,true,,215838,240,1,1,https://www.bunnycart.com/,316,0,121
1705313074723,316,BunnyCart HomePage HTTP Request-0,301,Moved Permanently,BunnyCart 1-1,text,true,,1356,118,1,1,https://bunnycart.com/,316,0,121
1705313075041,294,BunnyCart HomePage HTTP Request-1,200,OK,BunnyCart 1-1,text,true,,214482,122,1,1,https://www.bunnycart.com/,277,0,90
1705313075336,386,Aquatic Plant HTTP Request,200,OK,BunnyCart 1-1,text,true,,305467,270,1,1,https://www.bunnycart.com/aquarium-plants,162,0,0
1705313075336,162,Aquatic Plant HTTP Request-0,301,Moved Permanently,BunnyCart 1-1,text,true,,1365,133,1,1,https://bunnycart.com/aquarium-plants,162,0,0
1705313075499,223,Aquatic Plant HTTP Request-1,200,OK,BunnyCart 1-1,text,true,,304102,137,1,1,https://www.bunnycart.com/aquarium-plants,204,0,0
1705313075723,367,Guppy Grass HTTP Request,200,OK,BunnyCart 1-1,text,true,,166536,292,1,1,https://www.bunnycart.com/aquatic-plants/guppy-grass,189,0,0
1705313075723,189,Guppy Grass HTTP Request-0,301,Moved Permanently,BunnyCart 1-1,text,true,,1378,144,1,1,https://bunnycart.com/aquatic-plants/guppy-grass,189,0,0
1705313075913,177,Guppy Grass HTTP Request-1,200,OK,BunnyCart 1-1,text,true,,165158,148,1,1,https://www.bunnycart.com/aquatic-plants/guppy-grass,173,0,0
1705313079706,606,BunnyCart HomePage HTTP Request,200,OK,BunnyCart 1-2,text,true,,215835,240,1,1,https://www.bunnycart.com/,316,0,64
1705313079706,316,BunnyCart HomePage HTTP Request-0,301,Moved Permanently,BunnyCart 1-2,text,true,,1342,118,1,1,https://bunnycart.com/,316,0,64
1705313080024,288,BunnyCart HomePage HTTP Request-1,200,OK,BunnyCart 1-2,text,true,,214493,122,1,1,https://www.bunnycart.com/,270,0,69
1705313080315,436,Aquatic Plant HTTP Request,200,OK,BunnyCart 1-2,text,true,,305468,270,1,1,https://www.bunnycart.com/aquarium-plants,219,0,0
1705313080315,219,Aquatic Plant HTTP Request-0,301,Moved Permanently,BunnyCart 1-2,text,true,,1359,133,1,1,https://bunnycart.com/aquarium-plants,219,0,0
1705313080534,217,Aquatic Plant HTTP Request-1,200,OK,BunnyCart 1-2,text,true,,304109,137,1,1,https://www.bunnycart.com/aquarium-plants,199,0,0
1705313080752,413,Guppy Grass HTTP Request,200,OK,BunnyCart 1-2,text,true,,166549,292,1,1,https://www.bunnycart.com/aquatic-plants/guppy-grass,196,0,0
1705313080752,196,Guppy Grass HTTP Request-0,301,Moved Permanently,BunnyCart 1-2,text,true,,1376,144,1,1,https://bunnycart.com/aquatic-plants/guppy-grass,196,0,0
1705313080949,216,Guppy Grass HTTP Request-1,200,OK,BunnyCart 1-2,text,true,,165173,148,1,1,https://www.bunnycart.com/aquatic-plants/guppy-grass,204,0,0
1705313084707,1435,BunnyCart HomePage HTTP Request,200,OK,BunnyCart 1-3,text,true,,215828,240,1,1,https://www.bunnycart.com/,293,0,90
1705313084707,293,BunnyCart HomePage HTTP Request-0,301,Moved Permanently,BunnyCart 1-3,text,true,,1348,118,1,1,https://bunnycart.com/,293,0,90
1705313085001,1141,BunnyCart HomePage HTTP Request-1,200,OK,BunnyCart 1-3,text,true,,214480,122,1,1,https://www.bunnycart.com/,1124,0,140
1705313086143,406,Aquatic Plant HTTP Request,200,OK,BunnyCart 1-3,text,true,,305474,270,1,1,https://www.bunnycart.com/aquarium-plants,191,0,0
1705313086143,191,Aquatic Plant HTTP Request-0,301,Moved Permanently,BunnyCart 1-3,text,true,,1361,133,1,1,https://bunnycart.com/aquarium-plants,191,0,0
1705313086334,215,Aquatic Plant HTTP Request-1,200,OK,BunnyCart 1-3,text,true,,304113,137,1,1,https://www.bunnycart.com/aquarium-plants,194,0,0
1705313086550,406,Guppy Grass HTTP Request,200,OK,BunnyCart 1-3,text,true,,166540,292,1,1,https://www.bunnycart.com/aquatic-plants/guppy-grass,204,0,0
1705313086550,204,Guppy Grass HTTP Request-0,301,Moved Permanently,BunnyCart 1-3,text,true,,1380,144,1,1,https://bunnycart.com/aquatic-plants/guppy-grass,204,0,0
1705313086755,201,Guppy Grass HTTP Request-1,200,OK,BunnyCart 1-3,text,true,,165160,148,1,1,https://www.bunnycart.com/aquatic-plants/guppy-grass,193,0,0
1705313089706,568,BunnyCart HomePage HTTP Request,200,OK,BunnyCart 1-4,text,true,,215840,240,1,1,https://www.bunnycart.com/,280,0,81
1705313089706,280,BunnyCart HomePage HTTP Request-0,301,Moved Permanently,BunnyCart 1-4,text,true,,1352,118,1,1,https://bunnycart.com/,280,0,81
1705313089988,286,BunnyCart HomePage HTTP Request-1,200,OK,BunnyCart 1-4,text,true,,214488,122,1,1,https://www.bunnycart.com/,269,0,62
1705313090276,456,Aquatic Plant HTTP Request,200,OK,BunnyCart 1-4,text,true,,305466,270,1,1,https://www.bunnycart.com/aquarium-plants,178,0,0
1705313090276,178,Aquatic Plant HTTP Request-0,301,Moved Permanently,BunnyCart 1-4,text,true,,1365,133,1,1,https://bunnycart.com/aquarium-plants,178,0,0
1705313090454,278,Aquatic Plant HTTP Request-1,200,OK,BunnyCart 1-4,text,true,,304101,137,1,1,https://www.bunnycart.com/aquarium-plants,261,0,0
1705313090733,393,Guppy Grass HTTP Request,200,OK,BunnyCart 1-4,text,true,,166538,292,1,1,https://www.bunnycart.com/aquatic-plants/guppy-grass,183,0,0
1705313090733,183,Guppy Grass HTTP Request-0,301,Moved Permanently,BunnyCart 1-4,text,true,,1378,144,1,1,https://bunnycart.com/aquatic-plants/guppy-grass,183,0,0
1705313090917,209,Guppy Grass HTTP Request-1,200,OK,BunnyCart 1-4,text,true,,165160,148,1,1,https://www.bunnycart.com/aquatic-plants/guppy-grass,206,0,0
1705313094704,633,BunnyCart HomePage HTTP Request,200,OK,BunnyCart 1-5,text,true,,215845,240,1,1,https://www.bunnycart.com/,254,0,63
1705313094704,254,BunnyCart HomePage HTTP Request-0,301,Moved Permanently,BunnyCart 1-5,text,true,,1350,118,1,1,https://bunnycart.com/,254,0,63
1705313094960,377,BunnyCart HomePage HTTP Request-1,200,OK,BunnyCart 1-5,text,true,,214495,122,1,1,https://www.bunnycart.com/,367,0,95
1705313095339,440,Aquatic Plant HTTP Request,200,OK,BunnyCart 1-5,text,true,,305484,270,1,1,https://www.bunnycart.com/aquarium-plants,183,0,0
1705313095339,183,Aquatic Plant HTTP Request-0,301,Moved Permanently,BunnyCart 1-5,text,true,,1371,133,1,1,https://bunnycart.com/aquarium-plants,183,0,0
1705313095522,257,Aquatic Plant HTTP Request-1,200,OK,BunnyCart 1-5,text,true,,304113,137,1,1,https://www.bunnycart.com/aquarium-plants,222,0,0
1705313095781,422,Guppy Grass HTTP Request,200,OK,BunnyCart 1-5,text,true,,166540,292,1,1,https://www.bunnycart.com/aquatic-plants/guppy-grass,202,0,0
1705313095781,202,Guppy Grass HTTP Request-0,301,Moved Permanently,BunnyCart 1-5,text,true,,1378,144,1,1,https://bunnycart.com/aquatic-plants/guppy-grass,202,0,0
1705313095984,219,Guppy Grass HTTP Request-1,200,OK,BunnyCart 1-5,text,true,,165162,148,1,1,https://www.bunnycart.com/aquatic-plants/guppy-grass,213,0,0
